1	Death is Only...
2	Death Row
3	Death Wish
4	Petty Cash
5	Pet Project
6	Pet Smart
7	Party Maker
8	Party Planner
9	Party Time
10	You Picked Me
11	You Want Me
12	You Need Me
13	Found the Leader in Me
14	Lead on to Victory
15	Leader of the Pack
16	We are Family
17	Better With You
18	Still Haven't Found What I'm Looking For
19	Hounded a Hundred
20	Thrashed a Thousand
21	Marred a Myriad
22	Fillet Fifty K
23	Ten Big Ones
24	A Hundred Big Ones
25	A Thousand Big Ones
26	A Hundred Small
27	A Thousand Small
28	Ten Thousand Small
29	Competitive
30	Competitive Sports
31	Fiercely Competitive
32	Winning Edge
33	Strategic Edge
34	Competitive Edge
35	Playing with Matches
36	Matchbook
37	Matchmaker
38	Smells like Team Spirit
39	Team Idol
40	Team Titan
41	Uncommon Ground
42	Uncommon Sense
43	Uncommon Wealth
44	Rare Treat
45	Rare Finds
46	Rare Company
47	Superior Court I
48	Superior Court X
49	Superior Court L
50	Speed Demon
51	Who Needs a Healer?
52	Level 10
53	Level 20
54	Level 30
55	Level 40
56	Level 50
57	Money Talks
58	Money Talks Louder
59	Money Talks Louder Than Ever
60	Money Don't Need to Say a Thing
61	Lead Warrior
62	Lead Lancer
63	Lead Slayer
64	Lead Berserker
65	Lead Sorcerer
66	Lead Archer
67	Lead Priest
68	Lead Mystic
69	Lucky Streak
70	Hot Streak
71	Wasted a Warrior
72	Lambasted a Lancer
73	Slaughtered a Slayer
74	Bested a Berserker
75	Schooled a Sorcerer
76	Annihilated an Archer
77	Preyed on a Priest
78	Mistreated a Mystic
79	Emerged Victorious
80	I Saw It First
81	I'll Carry That for You
82	Pried from Their Cold Dead Fingers
83	Vanarch
84	Vanarch Again
85	Who's the Boss?
86	So Very Enchanting
87	You and Your Plus One
88	On the Plus Side
89	Plus-Sized
90	Nonplussed
91	Price Negotiator
92	Stocked the Broker
93	Battle Tested
94	Battle Worn
95	Battle Weary
96	Superior Display
97	Island Explorer
98	Arun Man
99	Meandered to Leander
100	Apprentice Weaponsmith
101	Journeyman Weaponsmith
102	Professional Weaponsmith
103	Classical Weaponsmith
104	Apprentice Focuswright
105	Journeyman Focuswright
106	Professional Focuswright
107	Classical Focuswright
108	Apprentice Armorsmith
109	Journeyman Armorsmith
110	Professional Armorsmith
111	Classical Armorsmith
112	Apprentice Leatherworker
113	Journeyman Leatherworker
114	Professional Leatherworker
115	Classical Leatherworker
116	Apprentice Tailor
117	Journeyman Tailor
118	Professional Tailor
119	Classical Tailor
120	Jack of All Trades
121	Minor Miner
122	Middling Miner
123	Major Miner
124	Master Miner
125	Spark of Energy
126	Energetic
127	Full of Energy
128	Expert Energizer
129	Little Acorn
130	Tiny Sapling
131	Thriving Tree
132	Mighty Oak
133	Materials Master
134	Not Alone
135	Circle of Friends
136	Social Network
137	Expedition Relief
138	With a Little Lore
139	You Can't Hurry Lore
140	All You Need is Lore
141	Just Rewards
142	Rewarding Work
143	Final Reward
144	Timber!
145	Feather in Your Cap
146	Lair and Back Again
147	Conscripted
148	Bringing Dakanius Down
149	Make 'Em Squeal
150	Fangs a Lot
151	Officer Candidate
152	Buffed Vampir Slayer
153	Friend of Elleon
154	Unmasked
155	Sisterly Love
156	Back to Velika
157	Allemantheian Allegiances
158	Core Competency
159	Future Shock
160	Unquavering Belief
161	Where Art Thou?
162	Freedom Fight
163	Under Quarantine
164	Masquerade
165	Dances with Orcans
166	Finding the Core
167	Rescuing the Core
168	The New Core
169	Open the Gate
170	Sealed Her Fate
171	Hungry for Battle
172	Swear on This Sword
173	Lines of Supply
174	Heart of the Matter
175	BOOM!!
176	Kulkari Killer
177	Good Neighbor
178	The Great Escape
179	Too Many Tuwangis
180	Bork Bork Bork!
181	That's One Interpretation
182	Argon Acquired
183	Desert Warfare
184	Higher Ground
185	Bloodlust Can't Be Tamed
186	I Got an Owie
187	Smuggler's Blues
188	Ringbearer
189	Best Served Cold
190	How Prophetic
191	It's Bacon!
192	Stay in School
193	Field Trip
194	It's What's for Dinner
195	A Good Swift Kick
196	Light the Way
197	Give 'Em a Hand
198	Come Bearing Gifts
199	Curiosity Killed the Cat
200	Nexus Scramble
201	True Blue
202	Covert Operations
203	Fulcrum Fail
204	Pick Me!
205	Dedicated TERA Player!
206	100 Bosses
207	1,000 Bosses
208	5,000 Bosses
209	Part of Something Bigger than Myself
210	Split Them 50/50
211	Road Rage
212	Ovokill
213	A Maze Mastered
214	Take a Load Off
215	Crab Dip
216	Under My Umbrella
217	If Looks Could Kill
218	Arrrr!
219	Ice Pirate
220	Cold War
221	Suck the Venom Out
222	Felling Kel
223	Calm the Tempest
224	Rule Arun
225	Ritual Cleansing
226	Trifecta
227	Family Ties
228	Taking the Refuge
229	Off the Beaten Path
230	Worked to Death
231	Unlocking the Gates
232	Splitting Headache
233	Bellicose Baracos
234	Hard as Nails
235	Reign Fall
236	Here Be Dracoloths
237	Quoth the Raven
238	Uncovered a Storm Lizard
239	For the Children
240	Save the Vales
241	Some Like It Cold
242	Going All the Fae
243	Some Like It Hot
244	Judging by the Size
245	Go into Hiding
246	Bit of a Headache
247	Find It in Your Heart
248	Trial by Blood
249	Empty the Gorge
250	Torch the Tor
251	In a Canyon
252	Spirited Away
253	A Very Rotten Egg
254	Put to the Test
255	A Fragment of My Former Self
256	Rescue One
257	Downed the Clown
258	Carry the Torch
259	What Thulsa Hath Wrought
260	Hello Darkness, My Old Fiend
261	Winging It
262	That Ain't No Flower
263	For the Birds
264	Doesn't Bat an Eye
265	Clear the Coulee
266	Nix Nyx
267	Test achievement
268	Thus Ever to Tyrants
269	Unarm Killian's Army
270	Like a Rock
271	Tooth Extraction
272	Revenge Is a Dish Best Served Cold
273	The Huntress Is the Prey
274	A Giant Heiry Problem
275	When a Good Guard Goes Bad
276	Don't Brood about It
277	Run into the Ground
278	Shot in the Dark
279	Using an Obscene Jester
280	Best Fiends
281	Thulsa, OK
282	A Wrong of Fire and Ice
283	Pruning the Sky Garden
284	Secret Garden
285	Rule Southern Shara
286	Arcadia Marathon
287	Ostgarath Marathon
288	Poporia Marathon
289	Val Aureum Marathon
290	Essenia Marathon
291	Westonia Marathon
292	Val Elenium Marathon
293	Val Palrada Marathon
294	Lorcada Marathon
295	Sylvanoth Marathon
296	Warrior Secundus
297	Lancer Secundus
298	Slayer Secundus
299	Berserker Secundus
300	Sorcerer Secundus
301	Archer Secundus
302	Priest Secundus
303	Mystic Secundus
304	Crazy Little Thing Called Lore
305	Let Your Lore Flow
306	How Deep Is Your Lore?
307	The Power of Lore
308	Gathering Master
309	Lorcada Marathon
310	The Craft
311	That's Gonna Leave a Stain
312	Never Give Up!
313	Never Surrender!
314	Try, Try Again
315	Rock the Vote
316	Prone to Violence
317	Prone to Violence
318	Prone to Violence
319	Prone to Violence
320	Prone to Violence
321	Prone to Violence
322	Prone to Violence
323	Prone to Violence
324	Chewing the Scenery
325	One Hundred Thousand Arrows
326	Immovable Object
327	Come Here!
328	Behind Their Back
329	Blowing Smoke
330	I Don't Need No Stinkin' HP
331	Over-Eager
332	The Fire Within
333	Blood for Life
334	Faster! Faster!
335	Hell Rises Up
336	Taking Care of Number One
337	Death Is No Excuse
338	Stun Gun
339	Sweet Dreams
340	One with Basilisks
341	One with Ovoliths
342	One with Kumases
343	One with Clawriders
344	One with Nagas
345	One with Dracoloths
346	One with Icereavers
347	One with Lithikumases
348	One with Warmasters
349	One with Warlords
350	One with Giants
351	All by Myself
352	Imperfect Crystals
353	Ideal Crystals
354	Take Flight
355	Let Go
356	Fashion Icon
357	Val Aureum Vanarch
358	Westonia Vanarch
359	Sylvanoth Vanarch
360	Island of Dawn Vanarch
361	Arcadia Vanarch
362	Poporia Vanarch
363	Ostgarath Vanarch
364	Val Elenium Vanarch
365	Essenia Vanarch
366	Val Palrada Vanarch
367	Lorcada Vanarch
368	Iron Fist
369	Velvet Glove
370	World Leader
371	Full-Time Job
372	Black Death
373	All You Need Is Lore
374	BAM!
375	BAM BAM!
376	Here Be Dracoloths
377	I Love TERA
378	Beloved
379	Love-Lettered
380	Propagating Propaganda
381	There Is No BAD Chocolate
382	Agnitor
383	Agnitor Adored
384	My Credit Is Good
385	Get on Your High Horse
386	Catch the Nexus Wave
387	Agnitor Agenda
388	Nixed Nexus!
389	Be a Raid, Be Very a Raid
390	You Are Not Prepared!
391	Five Strikes and You're Out
392	Small Time
393	Nexus Time
394	Big Time
395	Time Lord
396	Close but No Cigar
397	I Saw It with My Own Eyes
398	Granarkus's Triumph
399	Argonea's Triumph
400	Khanovar Front's Triumph
401	Make the Most of It
402	Clean Sweep
403	Absolute Agnitor
404	Nexus Nihilism
405	End of the Ride
406	This Little Pigling Went...
407	In the Red
408	The Link to Linkia
409	Of Boxes and Botany
410	Lay Hold to Thrallhold
411	Tower of Rubble
412	Tirkai Tough Guy
413	Mentee or Mental?
414	The Write Stuff
415	Light and Day
416	Pesticide
417	Instance Success
418	Instance Gratification
419	I Learned a Thing or Two
420	To the Max!
421	Warrior Prime
422	Lancer Prime
423	Slayer Prime
424	Berserker Prime
425	Sorcerer Prime
426	Archer Prime
427	Priest Prime
428	Mystic Prime
429	Tower Inferno
430	Rat-a-tat-tat-tat!
431	Powers Untold
432	Kumassacre
433	Calling of the Angel
434	Blessing of the Faerie
435	Clover's Friend
436	Val Tirkai Vanarch
437	Helkan District Vanarch
438	Val Kaeli Vanarch
439	Veritas District Vanarch
440	End of Sovereignty
441	Closure
442	A Poke in the Eye
443	Bellicarium!
444	Fraywind One
445	Fraywind Trio
446	Fraywind Quintet
447	Fraywind Ten
448	Fraywind One Hundred
449	Fraywind Five Hundred
450	Fraywind Canyon: Bronze
451	Fraywind Canyon: Silver
452	Fraywind Canyon: Gold
453	Rotten to the Core
454	Server Firstâ€”Queenslayer
455	Peerless Gladiator
456	Almost the Pinnacle
457	The Lure of Combat
458	An Achievement You Can't Refuse
459	Prelude to the Massacre
460	Puddle of Blood
461	Pile of Corpses
462	Carnage Everywhere
463	On Your Knees, Weaklings!
464	Top of the Charts
465	Legendary Slaughterer
466	It's Finally Mine...
467	It's Finally Mine...
468	It's Finally Mine...
469	It's Finally Mine...
470	It's Finally Mine...
471	It's Finally Mine...
472	It's Finally Mine...
473	It's Finally Mine...
474	Can't Control the Power
475	Which Candy?
476	Easy as Pie
477	Winter's Savior
478	Unique Snowflake
479	Accumulated Flurries
480	Snowstorm Warning
481	The Next Ice Age
482	Beat the Rush
483	Taking the Road Not Taken
490	Free Traders Collective echelon 2
491	Enlightened Union echelon 2
492	Iron Order echelon 2
499	Dynamic Duo
500	Raider of the Lost God
501	That's No Air Raid
502	Think like a Pirate
503	Talk like a Pirate
504	Stink like a Pirate
505	Walk like a Pirate
506	Shouldn't a Festival Be More...Festive?
507	I Said Freeze!
508	Snake-Eyed
509	Triple Crown
510	Tanks a Lot
511	Cry Me a River
512	Dance-A-Thon
513	Stop Hogging the Kills
514	Mind's Eye
515	Sand Castle Baby
516	Sand Castle Artist
517	King of the Sand Castles
518	Call Me Sandy
519	Eat! Drink! Cook! Enjoy Rootstock!
520	All the Prizes Are Mine!
521	Please Drunk Responsibility
522	Good Eats
523	Stairway to Heaven
524	Croakfest
525	Where's the Brain?
526	Weatherbeaten
527	Mondays Always Get Me Down
528	Now All I Need Is a Lamp.
529	Welcome to Kumasylum!
530	Gone Crazy in Kumasylum!
531	Gone around the Bend in Kumasylum
533	Welcome to Iron Battleground
534	Cannons, Fire!
535	One with the Tank
536	Bulls-eye!
537	Press the Attack! 
540	Stronghold First
541	Stronghold Uncommonality
542	Stronghold Rarity
543	Stronghold Superior
544	Stronghold Legend
550	Bombastic
551	Bomb Blast
552	Bomb Squad
553	Bombing Run
554	Bomb Factory
555	What? I Won?
556	Let's Get It Started
557	I Love this Game!
558	I Will Find You...
559	Shoot'em Up
560	Top of the Heap
561	Rise Above the Rest
562	You're The Best...Around!
563	Super Pit Fighter
564	Kumas Dreaming
565	Is Kumas Me or Am I Kumas?
567	I Am the King
568	Looking for Pallialith?
569	Most Dangerous Catch
580	Snowfight Newbie
581	Town Prankster
582	Winter Is Coming
583	Snow Kills?!
584	Snowlord
600	You Can't Believe Your Eyes
601	Perfect Execution
602	Free Traders Assault Commander
603	Enlightened Union Assault Commander
604	Iron Order Assault Commander
605	Free Traders Defense Commander
606	Enlightened Union Defense Commander
607	Iron Order Defense Commander
608	Free Traders Adjunct Commander
609	Enlightened Union Adjunct Commander
610	Iron Order Adjunct Commander
611	Triply Charming
701	Lead Reaper
702	Reaper Secundus
703	Reaper Prime
706	Routed a Reaper
707	Prone to Violence.
708	Pull!
709	From Hell's Heart!
711	Purge the Infection
712	Out of the Darkness, Into the Light
714	Lead Brawler
715	Brawler Secundus
716	Brawler Prime
717	Prone to Violence
718	All the Rage
719	Knocking on Heaven's Door
720	Beat Down a Brawler
721	Cutting-Edge Brawler
722	Quick Ninja
723	Genin
724	Chuunin
725	Prone to Violence
726	Dead Meat
727	All Downhill from Here
728	Neutralized a Ninja
729	Jounin
730	Lead Valkyrie
731	Valkyrie Secundus
732	Valkyrie Prime
733	Prone to Violence
734	Up and Down
735	Twilight of the Gods
736	Glorious Victory
737	A Cut Above
777	Working Out in the Channelworks
778	Larva 'n Let Die
779	Larvae Hate
800	Holme, Sweet Holme
802	Jax Trust Trusts You!
803	Killing Spree Spry
804	Taking All the Credit
805	Credit to the Family
806	Extra Credit
807	Unstoppable Killing Spree
808	Who Kills the Killing Spree?
809	Who Kills the Killing Spree?
810	Who Kills the Killing Spree?
811	Who Kills the Killing Spree?
812	Who Kills the Killing Spree?
813	Who Kills the Killing Spree?
814	Who Kills the Killing Spree?
815	Who Kills the Killing Spree?
816	Bellicarium Ambassador
817	Unshakable Loyalty
818	Reputation Is Everything
819	HP Potion Tippler
820	HP Potion Drinker
821	HP Potion Guzzler
822	MP Potion Tippler
823	MP Potion Drinker
824	MP Potion Guzzler
825	Two-Fisted Drinker
826	Legendary Looter
827	Uncommon Valor
828	In Rare Form
829	Superior Court C
830	Bulging Bag
832	Moving On Up
833	Live by the Battleground, Die by the Battleground
834	Take 'Em All Down
835	Bathed in Blood
836	Island of Dawn Mission Specialist
837	Velika Mission Specialist
838	Allemantheia Mission Specialist
839	Kaiator Mission Specialist
840	Special Forces
841	Nexus Mastery
842	You Complete Me
843	Perfect Ten
844	Turn It Up to Eleven
845	An Even Dozen
846	One Enchanted Evening
847	Elegance Squared
848	The One Percent
849	TERA Tycoon
850	Famed Weapon Maker
851	Meticulous Armor Maker
852	Factory Owner
853	Enter the Echelon
854	Self-Sufficient
855	Flanking > Planking
856	Flank You Very Much
857	Bastion Flanker
858	Bastion Conqueror
859	Punish the Traitor!
860	More like Sinestral Minor
861	Sinestral Conqueror
862	Critically Acclaimed
863	Silly Cultists, Tricks Are for Kids
864	Cultists' Refuge: Conquest
865	Flipping Out Gulsig
866	Recalculating
867	Final Destination
868	Akasha's Left Hand
869	Akasha's Right Hand
870	Restraining Order
871	Nowhere to Hide
872	Southern Arun Dungeoneer
873	And Stay Down!
874	Exorcise Regimen
875	Dead Inside
876	Death, Be Not Proud
877	Cheating Death
878	One Thing at a Time
879	Get in Line
880	Methodical and Efficient
881	Stretch Out with Your Feelings
882	Have a Nice Trip?
883	Cutthroat Tourist
884	Show Me Where It Hurts
885	Critical Care
886	Prayed Upon
887	Sun Temple Pilot
888	Southern Shara Dungeoneer
889	Killing Jokers
890	Chaos Rising
891	Dragons in Dungeons
892	Shock Value
893	Maze Runner
894	Fear Itself
895	Blaze a Trail
896	Terror of Terrors
897	Siege Tower
898	General Mayhem
899	Pick Your Poison
900	Who Hesitates Is Lost
901	Towering Rage
902	Fear Is Not an Option
903	Song of Fire and Ice
904	Nesting Instinct
905	Perfection Nest
906	Kraken Up
907	Where Is Thy Sting?
909	The Final Push
910	Hard Core Queen
911	An Audience with the Queen
912	The Thing That Would Be Queen
913	Manaya's Core Conqueror
914	Northern Shara Dungeoneer
915	Dungeon-Delving Devotee
916	Hold On Loosely, But Don't Let Go
917	What Do You Make of This?
918	Big Game Hunter
919	Southern Arun Vistas
920	Oblivion Vista
921	Vista: Islands Two
922	Vista Mix
923	Neither Sand, nor Snow, nor Gloom of Night...
924	Up, Down, and All Around
925	Crescentia Tourist
926	Lumbertown Tourist 
927	Jewel of the Desert Vista
928	Waterfall Vista
929	Bird's Eye View
930	Southern Shara Vistas
931	Pora Elinu Tourist
932	Popolion Tourist
933	Chebika Tourist
934	Tulufan Tourist
935	Kaiator Vista
936	Susurrus Vista
937	Argon Vista
938	Northern Shara Vistas
939	Castanica Tourist
940	Tralion Tourist
941	Tria Tourist
942	Elenea Tourist
943	World Class
944	Bountiful Hunter
945	Clawed Your Way to the Top
946	Get the Big Picture
947	Focus on the Details
948	Strive for Balance
950	Southern Arun Tourist Attractions 
951	Southern Shara Tourist Attractions
952	Northern Shara Tourist Attractions
953	Tourist Trap
954	Rare Arbosk
955	Rare Ashstalker
956	Rare Sporewalker
957	Rare Finds in Fyrmount
958	Rare Mugato
959	Rare Maligos
960	Rare Arachnen
961	Rare Finds in Frost Reach
962	Rare Argonomorph Orcan
963	Rare Argonomorph Frogrider
964	Rare Argonomorph Wendigo
965	Rare Threats in Thrallhold
966	I Like My Meat Rare
967	Well Traveled 
968	Which Castle
969	Line in the Sand
970	Snow Job
971	On a High Note
972	Temple Run
973	Bridge Partner
974	Monumental Effort
975	All My Life
976	Bellicose to the Max
977	Frontera Tourist
978	Bleakrock Tourist
979	Bastion Tourist
980	Acarum Tourist
981	Dragonfall Tourist
982	Kanstria Tourist
983	Scythera Fae Tourist
984	Pathfinder Post Tourist
985	Zulfikar Fortress Tourist
986	Habere Tourist
987	DlueHole Cheevos
988	Bug Zapper
989	Meet the Beetles
990	Beetle Juice
991	Arc-Angel
992	More Where That Came From
993	Beetlemania
1316	Cannon Control
1317	Seasonal Squash
1318	Me, Myself, I
1319	Me, Myself, X
1320	Me, Myself, L
1321	Me, Myself, C
1322	Weaponcrafting Apprentice
1323	Armorcrafting Apprentice
1324	Etching Apprentice
1325	Alchemical Apprentice
1326	Weaponcrafting Artisan
1327	Armorcrafting Artisan
1328	Etching Artisan
1329	Alchemy Artisan
1330	It's an Art
1331	Weapons Master
1332	Armor Master
1333	Etch Master
1334	Alchemy Master
1401	It Came to Me in a Dream
1402	Unleash the Wind
1403	Sweet Beams
1404	Operation: Overwatch (Spring Valley)
1405	Operation: Overwatch (Ex Prima)
1406	Operation: Overwatch (Arx Umbra)
1407	Alpha State
1411	Told You I Could Fit!
1412	Take Center Stage
1413	Arsenal of Injustice
1414	There are TWO Lights!
1415	The Three Buggy Problem
1416	One Flew Over Nimistrix's Nest
1417	Water From the Sky
1418	Party Like A Pirate
1419	Teeny Tiny Crabby Babies
1420	Strangely Familiar...
1421	The Archdevan Mystique
1422	One Fish, Two Fish
1423	Putting the Pieces Together
1424	Never Enough
1425	Memories of Dawn
1426	DID YOU HEAR SOMETHING?
1427	Chione's Last Stand
1428	White Horse Down
1429	Stone Sentinel
1430	Final Expedition
1431	Never Forget
1500	Got Your Wings
1600	When I'm 65!
1601	First to Fight
1602	High Five
1603	Cutting a Swath
1604	Northern Arun Campaign Veteran
1605	Breaking Up Is Hard To Do
1606	Break Time
1607	Break Dance
1608	Quick Fuse
1609	Fusion Beat
1610	Fusion Bomb
1611	My Best Friend Is a Miner
1612	The Green Reaper
1613	Energy Vortex
1614	All Mine
1615	Font of Knowledge
1616	Nagabane
1617	Raiga, Raiga Burning Bright
1618	Sentinel from Another Age
1619	Bring Death to the Unliving
1620	Bearing Arms
1621	A Force To Be Reckoned With!
1622	What a View
1623	Highest Marks
1624	An Ancient Puzzle
1625	Lost Clues
1626	Enshrined
1627	Power Up!
1628	Ain't No Mountain High Enough
1629	Silent Hills
1630	Ribbidi Bobbidi Boo!
1631	Off the Beaten Path
1632	Baggage Handling
1633	In the Event of a Water Landing
1634	Do You Hear What I Hear?
1635	Better Living through Chemistry
1636	Quest for the High Elder
1637	Delving into the Past
1638	Staying Alive
1639	Out for Blood
1640	Neither Forgiven nor Forgotten
1641	You and What Armory?
1642	Safety-Sealed for Your Protection
1643	Good with Plants
1644	Good Gardener
1645	Spike Dislike
1646	You Build, I Break
1647	Buzzed
1648	Totally Tuberelle
1649	Sabex Subjugator
1650	Brought to Justice
1651	Slaughter, Rinse, Repeat
1652	Cut Down to Size
1653	Pure as the Driven Snow
1654	Hungry Hungry Demokrons
1655	Untouchable
1656	Ending the Nightmare
1657	A Cut Above
1658	A Cut Above
1659	A Cut Above
1660	A Cut Above
1661	A Cut Above
1662	A Cut Above
1663	A Cut Above
1664	A Cut Above
1665	A Cut Above
1666	Bird of Prey
1667	All You Can Beat
1668	Flower Power
1669	Can't Touch This
1670	Eggscellent
1671	Original or Extra Crispy?
1672	Gimme a Beat...down
1673	Completely Plucked
1674	Vanquished the Ravager
1675	Vanquished Nemesis
1676	Death to the Tenth Power
1677	Greased Lightning
1678	Shell Game
1679	Taking the Plunge
1680	Unflappable
1681	Lightning Rod
1682	Rising to the Challenge
1683	Lightning Round
1684	Nemesis No More
1685	Take a Hint
1686	Clean Living
1687	Tokka Annihilation
1688	Don't Need a Bigger Boat
1690	Pop the Bubbles
1691	Risen Master
1692	Relaxing by the Pool
1693	Things Fall Apart
1694	On Wings of Demokrons
1695	Demokron Massacre
1696	Rock Solid Defense
1697	Stand Your Ground
1698	Sky Captain
1699	Fiery Endeavor
1700	Wings of Fire
1701	Boneless Victory
1702	Body Heat
1703	Unmarked by Darkness
1704	Powered Up
1705	Sky Commander
1706	Powered Through
1707	Going the Distance
1708	Nakatam Tower Security Guard
1709	What's in The Box?
1710	Faster than a Speeding Arrow
1711	Yo, Elleon, I did it!
1712	Shatter the Phantom of the Queen
1713	Lead Gunner
1714	Gunner Secundus
1715	Gunner Prime
1716	Prone to Violence
1717	Ready, Aim, Fire
1718	BOOM! HEADSHOT!
1719	Hammered a Gunner
1720	Cutting-Edge Gunner
1721	Ooh, You Make Me Live
1722	Whatever This World Can Give to Me
1723	Been With You Such a Long Time
1724	Still Come Back to You
1725	I Got You to Help Me Forgive
1726	When Things Turn Out Bad
1727	You Know I'll Never Be Lonely
1728	I'm Happy, Happy at Home
1730	First through the Door
1731	Crop-Dusted
1732	No Strings Attached
1734	Wish You Weren't Here
1735	Dead Or Alive Or...
1736	This Won't Hurt A Bit
1737	Better Watch Your Step
1738	Just A Jump To The Left
1739	It's Strangely Comforting
1740	Personal Best
1741	Vault of Kaprima Conqueror
1742	Rock Crushing
1743	It's Just A Rock
1744	It's Damn Hot
1745	Somebody Stomp Me!
1746	I'm A Rock Legend!
1747	Filthy Argon Parasite
1748	Destined To Die
1749	Fulfilling The Legend
1750	Saravash's Ascent Conqueror
1751	To Be The Pirate King.
1752	Eliminate The Red Pirate
1753	Ahoy, Ahoy!
1754	A Pirate's Life For Me
1755	The Honor of a Quick Death
1757	Movement of the Spheres
1758	Round and Round and Round We Go!
1759	Get a Charge out of Life
1760	As Above...
1761	So Below...
1762	Around the World
1763	Adventure in Space and Time
1764	Time Flies When You Have None
1765	The Master of Timespace
1766	Timescape Conqueror
1767	Hard as a Rock
1768	The Mountain to the Sea
1769	Moisturize Me
1770	What A Pretty Priestess
1771	Dignity of a Gentleman
1772	Don't Blink. Don't Think.
1773	Conqueror of the Inferno
1774	Thunderbolts and Lightning!
1775	Up, Up and Away!
1776	Stop Shooting Me!
1777	Round and Round We Go...Again
1778	Nimble Little Minx
1779	Boom Goes the Dynamite!
1780	Really, I Feel Fine...
1781	I've Crossed Oceans of Time
1782	The Hitchhiker's Guide to Timespace
1783	Muh-Muh-Muh-My Valona!
1784	Flatten the Continuum
1788	Unexpected and Unwelcome
1789	Come Hard or Not at All
1790	Five O'Clock Shadow
1791	Fresh Legs
1792	Quicker than Lightning
1793	Bad Luck Charlie
1794	Have We Met?
1795	Fire Fire FIRE!
1796	Spark-tastic
1797	Shock and Awe
1798	Slip'n'Slide
1799	Storm of the Century
1800	Power Hour
1801	High Boltage
1802	Treasure Hunt
1803	Reading and Writing
1804	Toad the Line
1805	Don't Blink
1806	It's Settled, Then
1807	A Light in the Darkness
1808	Curse Breaker
1809	May You Rest in Peace
1810	Dead Aman Walking
1811	Quick on Your Feet
1812	Ethereal Chills
1813	Touched by Darkness
1818	Suit Up!
1819	Double Tapped
1820	Just a Jump to the Left
1821	Wake Up Screaming
1822	Ready to Believe You
1823	No Hiding Place Down There
1824	All the Ghosts and Goblins
1825	After the Afterlife
1826	Bring Me to Life
1827	Top Ten Hits
1828	Master of Forsaken Island
1830	It's Just a Jump to the Left
1831	Wait for the Bat Signal
1832	Gross!
1833	Chuckstruck
1834	It's in my Hair!
1835	Sp-sp-sp-splash Zone!
1836	Catastrophic Contagion
1837	Dermal Charge
1838	Caught in the Blast Radius
1839	Collateral Damage
1840	Defeat Verno
1841	Defeated Nightmare Verno
1842	Defeat Odoninos
1843	Defeat Elite Odoninos
1844	Triangulation
1845	Driving a Wedge
1846	Dakuryon's Notes
1847	Diary of a Mad Scientist
1848	Magic Is in the Blood
1849	Missed by a Stone's Throw
1850	Ultimate Eradication
1851	The Hand is Quicker Than the Eye
1852	I Never Get Tired of This
1853	Vengeance is Mine
1855	A Race Through Shadow
1856	Purging the Unclean
1857	I Could Do This All Day!
1859	Early Release Program
1860	Sanguinary Archers
1861	Sanguinary Knights
1863	Sanguinary Warriors
1864	Summoning Sickness
1865	Long Time No See
1866	Nice to Meet You
1867	Caimans Up to Here
1868	Lord of the Labyrinth
1869	Lord of the Hideout
1870	Up to Your Neck in Caimans
1871	Rated Mostly False
1872	Lying in Weight
1873	Liar, Liar, Pants on Fire!
1874	You Lied to Me!
1875	Green Around the Gills
1876	Truth Will Set You Free
1877	Polygraph Test
1880	Nightmare Smite
1881	Wax Rhapsodic
1882	Wax On, Wax Off
1883	Is This Real Life?
1884	Overcome Temptation
1890	Burning at Both Ends
1891	Give in to Temptation
1892	Harsh Mistress
1893	Sweet Temptation
1894	Moral Minority
1895	She's No Lady
1896	Like a Bad Penny
1897	Fits of Rage
1898	Another Mouth to Feed
1899	Laser Tag
1904	Velika is Ours!
1905	Rewriting History
1906	Double Double
1907	Did I Do That?
1908	Death's Adept
1909	Death's Centurion
1910	Death's Legionnaire
1911	You'll Pay For This!
1912	Ow, Quit It!
1913	Really? Really?
1914	Tear It Down!
1915	Tear Them All Down!
1916	Lord of the Lake
1917	Tyrant of Gidd Mountain
1918	King of Crabs
1919	Drag the Lake
1920	Climb Every Mountain
1921	Get Crackin'
1922	I'm So Over You
1923	You've Lost That Lovin' Feeling
1924	Queen of the Damned
1925	Recurring Nightmare
1926	Undying Fury
1927	Soulless Embrace
1928	Sidestep the Issue
1929	Soul Survivor
1930	Fortress Around Your Heart
1931	Get over Here!
1932	Aired Out
1933	Rally, Rinse, Repeat
1934	Dragon Drop
1935	Dragon Slayer
1936	Head Dragon Slayer
1937	Conquerer of Harrowhold
1938	Against the Dragons
1939	A Trail of Broken Hearts
1940	My Skill's Better Than Yours
1941	Who's Your Daddy?
1942	Spy in the Hold
1943	Caught in the Act
1944	Master of Harrowhold
1945	Lucky Seven
1946	Fifteenth Farewell
1950	No Prisoners
1951	No Escape
1952	Otherworldly Matters
1953	No Spark, No Fire
1954	Total Killjoy
1955	Playing with Portals
1956	Ready for Lakan
1957	Tales of the Valkyrie
1958	Choose Your Battles
1959	Smokejumper
1960	Float Like a Butterfly
1961	No Holds Barred
1962	Caught in the Act
1963	Veldeg's Worse Nightmare
1964	Held Back
1965	Nevertheless, We Persisted
1966	Smackdown
1967	Boom and Bust
1968	Pound for Pound
1969	Clotting Factor
1970	Holding the Record
1971	Shattering Expectations
1972	Deicide
1973	Deca-Deicide
1974	Trail of Dead Gods
1975	Overcoming Hurdles
1976	Per Tenebras
1977	Black Hole Sun
1979	Nobody's Fuel
1980	Ungodly Luck
1981	Godslayer
1982	Lakan No More
1983	Lakan Nevermore
1984	No Time For An Evil God
1985	Unlocked!
1986	Never Dead Enough
1987	Fireproof
1988	Puny God
1989	No Thank You, Evil!
5991	First Steps in a Larger World
5992	It's Not Always About Fighting
5993	To Stop a Predator
5994	Blending In
6901	Down in the Underground
6902	Just Let Yourself In
6903	To Serve Man
6904	Bread and Carcasses
6905	Insider Knowledge
6906	It All Depends
6907	Rough Handling
8000	Valkyon Wants You
8001	Cultists' Conspiracy
8002	Insanity Epidemic
8003	Phantom Menace
8004	The Popori Kingdom
8005	Samael's Apparition
8006	Allemantheia
8008	Fraya's Fury
8010	Danger In Kaiator
8011	Beast of Destruction
8012	Argon War
8007	The Bard's Tale
8009	Mine over Matter
8013	Prophet Margin
8014	Kaidun
8499	Come Back, Shane!
8500	Valkyon Wants You Story Quests
8501	Cultists' Conspiracy Story Quests
8502	Insanity Epidemic Story Quests
8503	Phantom Menace Story Quests
8504	The Popori Kingdom Story Quests
8505	Samael's Apparition Story Quests
8506	Allemanthia Story Quests
8507	Fraya's Fury Story Quests
8508	Danger in Kaiator Story Quests
8509	Beast of Destruction Story Quests
8510	Argon War Story Quests
8511	Castanica Story Quests
8512	To the Wild Jungle Story Quests
8513	Events Story Quests
8514	Intro to Noctenium Story Quests
8515	Traces of the Gods Story Quests
8516	Balder's Refuge Story Quests
8517	Kaidun Story Quests
9000	Fly to the North
9001	Breach the Reach
9002	Lucky Charms
9003	Assemble Your Allies
9004	Friends in High Places
9005	Pick Your Battles
9006	In Conclusion...
9007	Choose Your Fate
9008	Dungeon Explorer
9009	Scourge of the Ancients
9010	Peerless
9011	Even Higher
9012	Master Ravager
9013	Pieces of Cake
9014	Conquer the Catacombs
9015	Conquer the Bathysmal Rise
9500	Baggage Handling
9501	Board the Sky Cruiser
9502	In the Event of a Water Landing
9503	Do You Hear What I Hear?
9504	High Five
9505	Plant One on Me
9506	Better Living through Chemistry
9507	Hang Ten
9508	Baraka High
9509	Delving into the Past
9510	Staying Alive
9511	Five and Dime
9512	Down with the Sickness
9513	Out for Blood
9514	Score!
9515	When I'm 65!
9516	Broken Wings
9517	Vanquished Nemesis
9518	Master of the Gorge
9519	Death to the Tenth Power
9520	Unflappable
9521	Lightning Round
9522	Fear of Drowning
9523	Get Your Sky Legs
9524	Tear Down These Walls
9525	Highstepping
9526	Just a Quick Dip
9527	Oh How Time Flies
9528	Kraxus the Code
9529	Full of Itself
9530	Charmingly Lucky
9811	Cleanse the Infection
9812	Liberate Ghillieglade
9813	Stick to the Plan
9814	Trip in the Rift
9815	Reopening Old Wounds
9816	Splitting Firewood
9817	The Giving Tree
9818	Sorry, I'm Busy
9819	Home Away From Home
9830	Champion of Celestial Arena
9831	Won 10 Times
9832	I Work Best Alone
9833	Hail to the Chief
9834	Spotted the Hyena
98101	Sharing a Cell
98102	Prison Riot!
98103	Jailhouse Rock
612	Nico Nico 2015 Participant
613	Nico Nico 2015 Participant
713	Trumped Tower
1785	Parallel Hunter
1814	4th Anniversary
1756	Fourth Anniversary
1817	You can't trust every rumor!
1001	Diving in Deep
1002	Groove to the Island Music
1003	Quintessential Ice Dancer
1004	Party like a Swamp Thing
1005	Splish Splash
1006	Hot Time in the Summertime
1007	Dragon Husbandry
1008	Here Be Dragons
1009	We Didn't Start the Fyre
1010	Ecstasy of Gold
1011	Green-Eyed Monsters
1012	Forget the Ivory
1013	Always a Silver Lining
1014	Dragons of Myth
1015	Dragons of Fable
1016	Dragons of Legend
1017	Dragons of Might
1100	Canyon Clash Champion
1101	Canyon Clash Champion
1102	Canyon Clash Champion
1103	Canyon Clash Champion
1104	Canyon Clash Champion
1105	Canyon Clash Champion
1106	Canyon Clash Champion
1107	Canyon Clash Champion
1108	2012 Canyon Clash Champion
1109	Canyon Clash Champion!
1110	Canyon Clash Champion!
1111	Canyon Clash Champion!
1112	Canyon Clash Champion!
1113	Canyon Clash Champion!
1114	Canyon Clash Champion!
1115	Canyon Clash Champion!
1118	2015 Dungeon Tournament: All Servers
1119	2015 Dungeon Tournament: Killian
1120	2015 Dungeon Tournament: Fraya
1121	2015 Dungeon Tournament: Hasmina
1122	2015 Dungeon Tournament: Elinu
1123	2015 Dungeon Tournament: Veritas
1124	2015 Dungeon Tournament: Arcadia
1125	2015 Dungeon Tournament: Kaidun
1126	2015 Dungeon Tournament: Zenobia
1127	2015 Dungeon Tournament: Akasha
1128	2015 Dungeon Tournament: Icaruna
1300	Master Warrior
1301	Master Lancer
1302	Master Slayer
1303	Master Berserker
1304	Master Sorcerer
1305	Master Archer
1306	Master Priest
1307	Master Mystic
1308	Vacation's Over!
1309	Vacation's Over!
1310	Vacation's Over!
1311	Vacation's Over!
1312	Vacation's Over!
1313	Vacation's Over!
1314	Vacation's Over!
1315	Vacation's Over!
7000	Count on Me
7001	Lean on Me
7002	Make an Impact
7003	Marda's Vengeance
7004	Marda's Justice
7005	Matched for Impact
7006	Three Times a Pirate
7007	EME Brace for Impact: Won 5 Times in Fraywind Canyon
7008	Nine Pounder
7009	Twelve Pounder
7010	Dismantle for Impact
7011	Darkness Reconquered
520030	TERA Lover
520031	Birthday Guest
520032	Lunar Guardian
